name	height	weight	bmi
Subin	2.5	54	8.64
Bimala	3.7	63	4.6018991964937905
Raju	5.4	75	2.5720164609053495
